name,sequence,active
DBAASP_9893,WRPGRWWRPGRW,1.0
DBAASP_7818,RFRRLRWRTRWRLRRI,1.0
DBAASP_16775,LNLRALLAVARRIL,1.0
DBAASP_17218,GFCWYVCARRNGARVCYRRCN,1.0
DBAASP_17690,WRFWRFWRFWRF,1.0
DBAASP_11026,KWKIRVRLSA,1.0
DBAASP_6933,GLNAFKKVFQGIHEAIKLINNHVQ,1.0
DBAASP_4702,APRKQLKW,1.0
DBAASP_349,CVKVRVKVGSGVKVRVKVC,1.0
DBAASP_948,FWGALAKGALKLIPSLFSSFSKKD,1.0
DBAASP_13632,KWYKKWYKKWYKKWYK,1.0
DBAASP_14950,RFGRFLRKIRRFRPK,1.0
DBAASP_11741,KWCFRVSYRGIAYRRCR,1.0
DBAASP_12946,WFKAAAKAAAKFW,1.0
DBAASP_4220,FLPILAGLAAKLVPKVFCSITKKC,1.0
DBAASP_17296,RRGWARRLVFAFGRR,1.0
DBAASP_4582,KSLVRRWRSRW,1.0
DBAASP_18160,INLRAIAAFAKKLL,1.0
DBAASP_9770,KWWRWRRWW,1.0
DBAASP_13726,KWAVRIIRKFIKGFIS,1.0
DBAASP_7139,GSKKPVPIIYCQRRTAKCQRM,1.0
DBAASP_12506,KKKFIYIVLALIKGAIIKKG,1.0
DBAASP_17450,SHHRCCRSHRCRR,1.0
DBAASP_12845,KFLKLKWLKSWKNFK,1.0
DBAASP_9405,IFGAIWPLALGALKNLIK,1.0
DBAASP_7702,KFFKKLKKAVKKGFKKFAKV,1.0
DBAASP_12620,AKKVFKRLPKLPSKIWNWK,1.0
DBAASP_17294,RRGWARRLFAAFGRR,1.0
DBAASP_3137,GLLKIIKTLL,1.0
DBAASP_16146,RRKLDLKLDLKLDL,1.0
DBAASP_16357,KRIVQRIKDFLRAGPIKDFLR,1.0
DBAASP_2335,HFLGTLVNLAKKIL,1.0
DBAASP_14267,VRRFPWWAPFLRR,1.0
DBAASP_17432,GRRGGRGGRGRGR,1.0
DBAASP_13633,RWYRRWYR,1.0
DBAASP_9378,LKKLLKLLKKLLKLAG,1.0
DBAASP_18830,RWFRFNGRWFRF,1.0
DBAASP_16809,KLLKLVKKVVGALG,1.0
DBAASP_6923,GLKALKKVFQGIHEAIKLINNHVQ,1.0
DBAASP_17079,FKRINQRIKDFLR,1.0
DBAASP_8804,RWFKIQMQIRRWKNKK,1.0
DBAASP_8682,RGRKGGRRKK,1.0
DBAASP_18172,FLQFWSKGVFRIL,1.0
DBAASP_3857,GVCRCVCRRGVCRCVCRR,1.0
DBAASP_12926,LLKAAAKAAAKLL,1.0
DBAASP_17223,GFCWNVCVYRNGVRICHRRCN,1.0
DBAASP_11468,LNLKALLAVAKKIL,1.0
DBAASP_16359,KRIVQRIKDFLRAGPRRLVRI,1.0
DBAASP_8815,AKRLKKLFKKIWNWK,1.0
DBAASP_10815,VDNANDLLSKVKKDKSD,1.0
DBAASP_9370,LKKLLKLLKKLLKLAG,1.0
DBAASP_6925,GLNALKKVFQGIHKAIKLINNHVQ,1.0
DBAASP_17239,FLKRLKKLL,1.0
DBAASP_10395,GRRGPRRANQNGTRRRRRRT,1.0
DBAASP_3149,KLLKRIKTLL,1.0
DBAASP_17856,FRWWWRF,1.0
DBAASP_17255,FLKYLKKLL,1.0
DBAASP_17865,VWRWWWRWV,1.0
DBAASP_11747,KWAFRVCYRGICYRRAR,1.0
DBAASP_17065,LKKLLKLHKKLLKLAG,1.0
DBAASP_17062,LKKLLKLDKKLLKLAG,1.0
DBAASP_17021,WRWYCR,1.0
DBAASP_9110,FLKGIVGKLGKLF,1.0
DBAASP_9772,KKRWWWWWR,1.0
DBAASP_9372,LKKLLKLLKKLLKLAG,1.0
DBAASP_8798,RQIRIWFQNRRMRWRR,1.0
DBAASP_8798,RQIRIWFQNRRMRWRR,1.0
DBAASP_18650,RLLRWWWRLLR,1.0
DBAASP_7019,SRWPSPGRPRPFPGRPKPIFRPR,1.0
DBAASP_16803,GLFDIVKKVVGLLK,1.0
DBAASP_16782,LNLKKLAAVAKKIL,1.0
DBAASP_8595,GLLKRIKKLLKKIKKLL,1.0
DBAASP_8773,VKRWKKWWRKLKKSV,1.0
DBAASP_12945,WIKAAAKAAAKIW,1.0
DBAASP_13010,GKKLLWLLKKG,1.0
DBAASP_4189,RIGVLLARLPKLFSLFKLMGKKV,1.0
DBAASP_8650,RGRKVVRRKK,1.0
DBAASP_2144,FFGHLFKLATKIIPSLFQ,1.0
DBAASP_14440,KKWRKWLAKKWW,1.0
DBAASP_12454,RWWWRR,1.0
DBAASP_17389,WNWSKSF,1.0
DBAASP_9773,RKRWWWWFR,1.0
DBAASP_18645,RIRWWWRIR,1.0
DBAASP_14439,KKWRKWLAKKW,1.0
DBAASP_17693,WRWWRWWRW,1.0
DBAASP_16772,LNLKALGAVAKKIL,1.0
DBAASP_9903,WRNGRWWRNGRWWRNGRW,1.0
DBAASP_1010,SMLSVLKNLGKVGLGFVACKINKQC,1.0
DBAASP_17061,LKKLLKLQKKLLKLAG,1.0
DBAASP_11751,RWCFRVCYRGICYRRCR,1.0
DBAASP_10631,WRWLRRIW,1.0
DBAASP_2504,GFMKYIGPLIPHAVKAISDLI,1.0
DBAASP_17857,WRWWWRW,1.0
DBAASP_6804,GIGKHVGKALKGLKGLLKGLGEC,1.0
DBAASP_7429,GLLKKIKKLL,1.0
DBAASP_18169,FVQWASKFLGRIL,1.0
DBAASP_4709,LFRKQLKW,1.0
DBAASP_4585,KRLRRVWRRWR,1.0
DBAASP_10677,CKKKRC,1.0
DBAASP_17226,GFCWRACVYRNGVRVCYRRCN,1.0
DBAASP_17226,GFCWRACVYRNGVRVCYRRCN,1.0
DBAASP_2305,GIKDWIKGAAKKLIKTVASHIANQ,1.0
DBAASP_16995,LKKLLKLLPKLLKL,1.0
DBAASP_2209,FLGSIVGALASALPSLISKIRN,1.0
DBAASP_9625,FRFKFRFK,1.0
DBAASP_16483,GIKKWPHSPKKFGKKFVKKIMNS,1.0
DBAASP_14162,GIGKWLHSAKKFGKAFVGEIMNS,1.0
DBAASP_14162,GIGKWLHSAKKFGKAFVGEIMNS,1.0
DBAASP_17436,GRRGGRGGRGR,1.0
DBAASP_1584,IDWKKLLDAAKQIL,1.0
DBAASP_14107,FRKKLKKLFKKLSPVIPLLKLG,1.0
DBAASP_16781,GNLKKLLAVAKKIL,1.0
DBAASP_10564,GLLKRIKTLL,1.0
DBAASP_17867,GRRWWWRRG,1.0
DBAASP_12577,RFRPPIRRPPIRPPFYP,1.0
DBAASP_17086,FKRIVQRIKDHLR,1.0
DBAASP_17861,IWRWWWRWI,1.0
DBAASP_15838,VVVAAAKKK,1.0
DBAASP_12120,IHFKWRRWKFHI,1.0
DBAASP_9894,WRPGRWWRPGRWWRPGRW,1.0
DBAASP_17868,IRRWWWRRI,1.0
DBAASP_350,CVKVQVKVGSGVKVQVKVC,1.0
DBAASP_17075,FKRQVQRIKDFLR,1.0
DBAASP_9584,IKIKIKIK,1.0
DBAASP_13797,flGGlikivpamicavtkkc,1.0
DBAASP_17005,KLPKLLKKLLKLLK,1.0
DBAASP_15151,YSTCFIMGGGWKWKWENGKWKWKW,1.0
DBAASP_17008,KLLKPLKKLLKLLK,1.0
DBAASP_8440,FWGFLGKLAMKAVPSLIGGNKK,1.0
DBAASP_11756,KWCARVCARGACYRRCR,1.0
DBAASP_2507,GFMKYIGPLIPHAVKAISKLI,1.0
DBAASP_15823,KKKKK,1.0
DBAASP_9380,CKKLLKLLKKLCKLAG,1.0
DBAASP_18648,RLRWWWRLR,1.0
DBAASP_17112,GLFKIIKKIWKSF,1.0
DBAASP_16477,GIKKWLHSPKKFGKKFVKKIMNS,1.0
DBAASP_17442,GKGK,1.0
DBAASP_16990,WRWWKWWK,1.0
DBAASP_17869,LRRWWWRRL,1.0
DBAASP_16420,IICRKPIICRKPII,1.0
DBAASP_17184,FPLTWLKWWKWKK,1.0
DBAASP_15145,LVTLVFVGGGWKWKWKNGKWKWKW,1.0
DBAASP_14782,KKLFKKILRYL,1.0
DBAASP_5135,VRRFPWWWPFLRR,1.0
DBAASP_5135,VRRFPWWWPFLRR,1.0
DBAASP_5135,VRRFPWWWPFLRR,1.0
DBAASP_16761,LALKALLAVAKKIL,1.0
DBAASP_17698,WRKWRKWRKWRK,1.0
DBAASP_17697,WRKWRKWRK,1.0
DBAASP_11738,KWCFRVCYAGICYRRCR,1.0
DBAASP_4708,AFRKQLKW,1.0
DBAASP_6929,GLKALKKVFKGIHKAIKLINNHVQ,1.0
DBAASP_8797,RQIKIWFQNRRLKWKK,1.0
DBAASP_16764,LNLKAALAVAKKIL,1.0
DBAASP_17692,WRWWRW,1.0
DBAASP_13735,KDRPKKPGLCPLIWWLIIKVG,1.0
DBAASP_11753,KWCSRVCYRGICYRRCR,1.0
DBAASP_2204,FLSGIVGMLGKLF,1.0
DBAASP_2204,FLSGIVGMLGKLF,1.0
DBAASP_2204,FLSGIVGMLGKLF,1.0
DBAASP_2204,FLSGIVGMLGKLF,1.0
DBAASP_9753,KIAKVALKALKIAKVALKAL,1.0
DBAASP_9753,KIAKVALKALKIAKVALKAL,1.0
DBAASP_9383,CKKLLKLLKKLCKLAG,1.0
DBAASP_17456,SHHRHFRSHQCRR,1.0
DBAASP_17430,RGSRSGQSSRGERRGSSSGSSSR,1.0
DBAASP_13011,LKGKLWLKGKL,1.0
DBAASP_12575,RFRPPIRRPPIRPPFYPPFRP,1.0
DBAASP_10678,KKRK,1.0
DBAASP_8709,GTVRRFPWWWPFLRR,1.0
DBAASP_14653,TKCFQWQWRMKKLGAPSITCVRRAF,1.0
DBAASP_14031,WLKAAAKAAAKLW,1.0
DBAASP_18649,LLRWWWRLL,1.0
DBAASP_14001,WRRWRRRWRRRWRRW,1.0
DBAASP_17437,GRRGGRGGR,1.0
DBAASP_17675,GFFRRIKTFF,1.0
DBAASP_11893,LNALKKVFQGIHEAIKKI,1.0
DBAASP_10706,FLGGLIKWKWPWWPWRR,1.0
DBAASP_2820,KLWKKWKKWLK,1.0
DBAASP_3892,IFGAILPLALGALKNLIK,1.0
DBAASP_16449,VCKRWKKWKRKWKKWCV,1.0
DBAASP_8203,FLKGIVGMLGKLF,1.0
DBAASP_5472,IASKVANTVQKLKRKAKNAV,1.0
DBAASP_10708,FLGGLIKWPWWPWRR,1.0
DBAASP_17723,WRIRRRPPRLPRPRWR,1.0
DBAASP_17292,RRGWAARLFAAFGRR,1.0
DBAASP_15834,FFFFKKKKK,1.0
DBAASP_18331,GIKRGIIKIIRRIKRI,1.0
DBAASP_16488,GIKKWPHKPKKFGKKFVKKIKKS,1.0
DBAASP_13855,GLLKRIKTLL,1.0
DBAASP_9715,FPVTFRFFKFFKG,1.0
DBAASP_9381,LKKLLKLCKKLCKLAG,1.0
DBAASP_16777,LNLKKLLKVAKKIL,1.0
DBAASP_16585,DILIIVGGKRRKKRRR,1.0
DBAASP_12842,PMARNKKLLKKLRLKIAFK,1.0
DBAASP_14263,VRRFPWYYPFLRR,1.0
DBAASP_17465,SHHRRRRSHCH,1.0
DBAASP_11369,FLRFIGSVKHGKGHLVHHIGVAL,1.0
DBAASP_17219,GFCWRVCASRNGLRVCYRRCN,1.0
DBAASP_717,RRWQWRMKKLG,1.0
DBAASP_12654,RGWR,1.0
DBAASP_3150,GLLKVIKVLL,1.0
DBAASP_18651,RVRWWWRVR,1.0
DBAASP_18327,GIKRGIIRIIKRIKRI,1.0
DBAASP_14273,GLKEIFKAGLGSLVKGIAAHVAS,1.0
DBAASP_12118,IHKFWRGGRWFKHI,1.0
DBAASP_4652,FFGWLIKGAIHAGKAIHGLIHRRRH,1.0
DBAASP_16767,LNLKALLAVAAKIL,1.0
DBAASP_17071,FKRIVQRIKDFAR,1.0
DBAASP_10077,KWRQWQSKWRRTNPWFWIRR,1.0
DBAASP_16481,GIKKWLHSPKKFPKKFVKKIMNS,1.0
DBAASP_17662,GFFKRWKTFF,1.0
DBAASP_9775,RIWKIWWKR,1.0
DBAASP_13009,KKLGLWLGLKK,1.0
DBAASP_14108,FRKKLKKLFKKLSPVIPLLKLG,1.0
DBAASP_12846,FKLKLKFSNKLKWKW,1.0
DBAASP_8137,KLLKWWKKLL,1.0
DBAASP_14632,RWKRIVVIRKRR,1.0
DBAASP_17871,WRRWWWRRW,1.0
DBAASP_14262,VRRFPYYWPFLRR,1.0
DBAASP_17468,SHHRHFRSHQCR,1.0
DBAASP_13635,KWLKKWLKKWLK,1.0
DBAASP_17658,GWFKRIKTFW,1.0
DBAASP_9490,GSKKPVPIIYCNRRTGKCQRM,1.0
DBAASP_6927,GLNALKKVFQGIHEAIKLINNHVK,1.0
DBAASP_18185,RRLIRRILRIL,1.0
DBAASP_13877,GLLKR,1.0
DBAASP_16358,KRIVQRIKDFLRAGPRRWWRW,1.0
DBAASP_11304,VKKFAWWWPFLKK,1.0
DBAASP_7147,RFRRLRWKTRKRLWKI,1.0
DBAASP_5047,KKLIKKILKIL,1.0
DBAASP_8077,FRFRCRRRFCRFRF,1.0
DBAASP_9713,FSVTWRWWKWWKG,1.0
DBAASP_17256,FLKVLKKLL,1.0
DBAASP_11260,GSLHGFMYKYLKTLVLRLY,1.0
DBAASP_17248,FLKILKKLL,1.0
DBAASP_11233,GWKDLLKGAAKALVKTVF,1.0
DBAASP_5618,GIGKLFLHAAKKFAKAFVAEKMNS,1.0
DBAASP_17440,GRGR,1.0
DBAASP_13505,RWCRRYRVRVRGVLVYAYVCW,1.0
DBAASP_14663,GGRRWQWRMKKLGAPSITLPETGG,1.0
DBAASP_18177,FVQWFSKFLGRIL,1.0
DBAASP_3128,GLLKRIKT,1.0
DBAASP_3117,ALLKRIKTLL,1.0
DBAASP_17532,WKKLFKKILKYL,1.0
DBAASP_16472,GIGKFLHSAKKFGKAFVGQIMNS,1.0
DBAASP_17673,GLWKRWKKFW,1.0
DBAASP_484,RRRRRRAAFAAWAAFAA,1.0
DBAASP_10695,RRPWRWPWWPWRR,1.0
DBAASP_17111,GLFKIIKKIAKSF,1.0
DBAASP_10175,WFKKLLKKALRLWKKVL,1.0
DBAASP_6792,AKKVFKRLPKLFSKIWNWK,1.0
DBAASP_10680,RKKK,1.0
DBAASP_12944,WVKAAAKAAAKVW,1.0
DBAASP_15826,KKKKK,1.0
DBAASP_11884,WLNALKKVFQGIHEAIKLINNHVQ,1.0
DBAASP_9984,FFHHIFRGIVHVGKKIHRLVKG,1.0
DBAASP_9111,FLKGIVGMLGKLL,1.0
DBAASP_11758,AWCARVCYRGICYRRCR,1.0
DBAASP_10709,FLGGLIKPWWPWRR,1.0
DBAASP_16991,WWRWWKWW,1.0
DBAASP_16148,RRRRKLDLKLDLKLDL,1.0
DBAASP_17428,GRRGSGLGRSSSR,1.0
DBAASP_3483,IPPFIKKVLTTVF,1.0
DBAASP_3483,IPPFIKKVLTTVF,1.0
DBAASP_17676,GFFKRIRTFF,1.0
DBAASP_17603,RQIKIRRMKWR,1.0
DBAASP_16147,RRRKLDLKLDLKLDL,1.0
DBAASP_11744,KWCFRVCYRGICYRACR,1.0
DBAASP_17060,LKKLLKLNKKLLKLAG,1.0
DBAASP_17598,RQWRRWWQR,1.0
DBAASP_17222,GFCWYVCVKRNGVRSCYRRCN,1.0
DBAASP_16999,LKKLLKPLKKLLKL,1.0
DBAASP_144,FKRIVQRIKDFLR,1.0
DBAASP_4701,APRKNLKW,1.0
DBAASP_12116,IHKFWRCRRRFCRWFKHI,1.0
DBAASP_18834,RWFHFNGRWFHF,1.0
DBAASP_16890,RRKK,1.0
DBAASP_11740,KWCFRVCYRGACYRRCR,1.0
DBAASP_8678,RGRKGGRRKK,1.0
DBAASP_11106,PRPGPRP,1.0
DBAASP_11249,GKILKYLLYLLRKYANLIIR,1.0
DBAASP_10700,KIKWILKYWKWS,1.0
DBAASP_3148,GLLKRIKKLL,1.0
DBAASP_3148,GLLKRIKKLL,1.0
DBAASP_16801,GLFDIVKKVLKLLK,1.0
DBAASP_17666,KWFKRIKTFW,1.0
DBAASP_17878,KLFKKLFKKLFK,1.0
DBAASP_8079,WRWRCRRRFCRWRW,1.0
DBAASP_11735,KWCFRACYRGICYRRCR,1.0
DBAASP_16988,WRWWKWW,1.0
DBAASP_15837,VKVKVKVK,1.0
DBAASP_7145,RFRRLRWKTRWRLKKI,1.0
DBAASP_18824,RWLKLNGRWLKL,1.0
DBAASP_9754,KIAKVALKALKIAKGALKAL,1.0
DBAASP_9754,KIAKVALKALKIAKGALKAL,1.0
DBAASP_18190,FLSALWGVAKSLF,1.0
DBAASP_14261,VRRFPWWYPFLRR,1.0
DBAASP_9778,RLWKRWWIR,1.0
DBAASP_3129,GLLKRIK,1.0
DBAASP_480,KKKAAAFAAWAAFAKKK,1.0
DBAASP_17691,WRFWRFWRFWRFWRF,1.0
DBAASP_17866,AWRWWWRWA,1.0
DBAASP_4565,WWSYVRRWRSR,1.0
DBAASP_11171,GKEFKRIVWLSKTAKKL,1.0
DBAASP_12662,RRFWRR,1.0
DBAASP_18822,RWFHFPGRWFHF,1.0
DBAASP_9777,KWWKIWRWR,1.0
DBAASP_17872,VRRWWWRRV,1.0
DBAASP_11746,KWCFRVCYRGICYRRCA,1.0
DBAASP_17306,KKGWAKKLAFAFGKK,1.0
DBAASP_773,RVKRVWPLVIRTVIA,1.0
DBAASP_16586,DILIIVGGKQRKKRRR,1.0
DBAASP_12691,GIGAVLKVLTTGLPALIKRKRQQ,1.0
DBAASP_2198,GLFGKILGVGKKVLCGLSGMC,1.0
DBAASP_10710,FLGGLIKWWPWRR,1.0
DBAASP_37,GMASKAGAIAGKIAKVALKAL,1.0
DBAASP_37,GMASKAGAIAGKIAKVALKAL,1.0
DBAASP_8078,WRCRRRFCRW,1.0
DBAASP_11757,KWCFVCYRGICYRRCG,1.0
DBAASP_13876,GLLKRI,1.0
DBAASP_716,FPVTWRWWKWWKG,1.0
DBAASP_14829,SNGYRPAYRPAYRPSYRP,1.0
DBAASP_15147,WKWKWENGKWKWKW,1.0
DBAASP_17054,LKKLLKLLKKALKLAG,1.0
DBAASP_10651,KRRWPWWPWRLI,1.0
DBAASP_13736,KDRPKKPGLCPAAKKAAAAKA,1.0
DBAASP_17298,RRGWARALAFAFGR,1.0
DBAASP_17858,VRWWWRV,1.0
DBAASP_11736,KWCFRVAYRGISYRRCR,1.0
DBAASP_11256,KVLSKVHTLLKAVLAL,1.0
DBAASP_3482,IWSAIWSGIKGLL,1.0
DBAASP_9521,IRVKIRVKIRVK,1.0
DBAASP_11761,KWCFRVCYAGICYRRCA,1.0
DBAASP_16475,GIKKWLHSAKKFGKKFVKKIMNS,1.0
DBAASP_16174,FVKWFSKFLGRIL,1.0
DBAASP_14701,INLKKLAARIKKKI,1.0
DBAASP_14204,FLGALLKIGAKVLPSVLCGIFKKC,1.0
DBAASP_11259,GSLHGFMYRYLKNMVLNLF,1.0
DBAASP_14886,KRIVQRIKDFLR,1.0
DBAASP_17862,LWRWWWRWL,1.0
DBAASP_5136,VKKFPWWWPFLKK,1.0
DBAASP_17454,GRRGGRGGRGRGR,1.0
DBAASP_13873,GLLKRIKTL,1.0
DBAASP_17254,FLKWLKKLL,1.0
DBAASP_10674,CKKKC,1.0
DBAASP_18653,RVVRWWWRVVR,1.0
DBAASP_17612,RQIWWWWQR,1.0
DBAASP_4583,KSLRRVWRSWR,1.0
DBAASP_17721,RRIRPRPPRLPRPRWR,1.0
DBAASP_9902,WRNGRWWRNGRW,1.0
DBAASP_17074,FKRNVQRIKDFLR,1.0
DBAASP_5019,HFLGTLKNLAKKIL,1.0
DBAASP_11888,GLNALKKVSQGIHEAIKLINNHVQ,1.0
DBAASP_14032,LWKAAAKAAAKWL,1.0
DBAASP_4125,QRFSQPTFKLPQGRLTLSRKFR,1.0
DBAASP_17720,WRIRPRPPRLPRPRPR,1.0
DBAASP_17854,IRWWWRI,1.0
DBAASP_12649,RFWR,1.0
DBAASP_17466,SHHRPRLFHRHRH,1.0
DBAASP_10699,GIHHILKYGKPS,1.0
DBAASP_10075,KARQWQWKIRRTWPIFAIRR,1.0
DBAASP_17221,GFCWNVCVRRNGVRVCHRRCN,1.0
DBAASP_17423,GRHGSGLGHSSSHGQHGSGSGR,1.0
DBAASP_13636,KWGKKWGKKWGK,1.0
DBAASP_17699,WRKWRKWRKWRKWRK,1.0
DBAASP_10723,KLLKLLKKLLKLLK,1.0
DBAASP_10391,KKRYKKKYKAYKPYKKKKKF,1.0
DBAASP_16425,IIICRKPIICRKPIICRKPIII,1.0
DBAASP_16151,FLKLLKKVLKKVLPKIFK,1.0
DBAASP_17081,FKRIHQRIKDFLR,1.0
DBAASP_12611,KKWRAWLKWLAKK,1.0
DBAASP_16446,VKRFKKFFRKFKKFV,1.0
DBAASP_8018,AGYLLGKINLKPLAALAKKIL,1.0
DBAASP_3536,FLPILASLAAKFGPKLFCLVTKKC,1.0
DBAASP_4221,FLPILAGLAANILPKVFCSITKKC,1.0
DBAASP_1783,GIGKFLHAAKKFAKAFVAEIMNS,1.0
DBAASP_1783,GIGKFLHAAKKFAKAFVAEIMNS,1.0
DBAASP_14033,LWKAAAKAAAKLL,1.0
DBAASP_17724,WRIRRRWPRLPRPRWR,1.0
DBAASP_13042,KLLRHRLLVTLA,1.0
DBAASP_13017,KKLGLCLGLKK,1.0
DBAASP_8438,FFLLSLIPSAISAIKKI,1.0
DBAASP_16417,ICRKPIICRKPIICRKPI,1.0
DBAASP_1050,FWRIRIRR,1.0
DBAASP_10244,FLQHIIGALGHLF,1.0
DBAASP_17601,RQIKIWRRMKWKK,1.0
DBAASP_12508,LKKLKQLLGKLSEFAAAFVA,1.0
DBAASP_12337,PFKLSLHL,1.0
DBAASP_13646,KWVKKWVKKWVK,1.0
DBAASP_197,KKLFKKILKYL,1.0
DBAASP_197,KKLFKKILKYL,1.0
DBAASP_16145,RKLDLKLDLKLDL,1.0
DBAASP_11301,GIGRFLHSARRFGRAFVGEIMNS,1.0
DBAASP_18821,RWLHLPGRWLHL,1.0
DBAASP_17685,WRLWRLWRL,1.0
DBAASP_10696,RRPWRWPRWPWRR,1.0
DBAASP_16805,GLFDIVKKVVGALG,1.0
DBAASP_17077,FKRIGQRIKDFLR,1.0
DBAASP_16811,KLLKLLKKLVGALG,1.0
DBAASP_16766,LNLKALLAAAKKIL,1.0
DBAASP_1160,GNNRPVYIPQPRPPHPRL,1.0
DBAASP_3136,GLLKLIKTLL,1.0
DBAASP_1639,GLLRASSVWGRKYYVDLAGCAKA,1.0
DBAASP_17000,LKKLLKLLKKLPKL,1.0
DBAASP_2508,GFMKYIGPLIPHAVKAIKKLI,1.0
DBAASP_11752,KWCGRVCYRGICYRRCR,1.0
DBAASP_3116,GLLKRIKTLL,1.0
DBAASP_3116,GLLKRIKTLL,1.0
DBAASP_18811,RWVKVPGRWVKV,1.0
DBAASP_11765,RPDKPRPYLPRPRPPRPVR,1.0
DBAASP_17056,LKKLLKLLKKLLKAAG,1.0
DBAASP_10394,RRLTLRQLLGLGSRRRRRSR,1.0
DBAASP_5717,GLLSNVAGLLKQFAKGGVNAVLNPK,1.0
DBAASP_8081,PRPRCRRRFCRPRP,1.0
DBAASP_5567,AKRLKKLAKKIWKWK,1.0
DBAASP_5567,AKRLKKLAKKIWKWK,1.0
DBAASP_10630,RWWLRRIW,1.0
DBAASP_10245,FIHHIIGALGHLF,1.0
DBAASP_11883,GLNALKKVFQKIHEAIKKINNHVQ,1.0
DBAASP_17121,RRIFKRLFKYLRRF,1.0
DBAASP_18175,FVQWLSKLLGRIL,1.0
DBAASP_13463,KKLFKKILKYLA,1.0
DBAASP_13515,RFCVYAYVRVRGVLVRYRRCF,1.0
DBAASP_17300,RRWARRLFFAYRR,1.0
DBAASP_6808,GLKGLLGKALKGIGKHIGKAQGC,1.0
DBAASP_14259,VRRFPYWWPFLRR,1.0
DBAASP_12655,RHWR,1.0
DBAASP_3343,INLKALAALAKKIL,1.0
DBAASP_17687,WRLWRLWRLWRLWRL,1.0
DBAASP_11894,LNALKKVFQKIHEAIKKI,1.0
DBAASP_16891,CRRKKC,1.0
DBAASP_11173,GKEFKRIVGRIYRLCCR,1.0
DBAASP_1136,GLLSVLGSVAKHVLPHVVPVIAEHL,1.0
DBAASP_15871,RRGWALRLVLAY,1.0
DBAASP_487,KKKKKKAAWAAWAAWAA,1.0
DBAASP_9895,WRPGRWWRPGRWWRPGRWWRPGRW,1.0
DBAASP_12967,KLLSHSLLVTLA,1.0
DBAASP_17934,GKLRLIKKLWVKKWKKKGWKA,1.0
DBAASP_9774,IWKRWWWKR,1.0
DBAASP_17722,WRIRPRPPRLPRWRPR,1.0
DBAASP_13801,KIVPAMICAVTKKC,1.0
DBAASP_9373,LKKLLKLLKKLLKLAG,1.0
DBAASP_10629,WWWLRRIW,1.0
DBAASP_5021,HFLGTLVKLAKKIL,1.0
DBAASP_11768,RPDKPRPYLPRPRPPRPVR,1.0
DBAASP_13016,KKLTLWLTLKK,1.0
DBAASP_16769,LNLKALLAVAKKAL,1.0
DBAASP_15144,WKWKWKNGKWKWKW,1.0
DBAASP_7447,GLLKRIKTLL,1.0
DBAASP_16810,KLLKLLKKVVGALG,1.0
DBAASP_5566,FKRLKKLFKKIWNWK,1.0
DBAASP_8681,RGRKGGRRKK,1.0
DBAASP_16765,LNLKALAAVAKKIL,1.0
DBAASP_15146,WKWKWKNGKWKWKWGGGLVTLVFV,1.0
DBAASP_9627,VRVKVRVKVRVK,1.0
DBAASP_14411,RQYMRQIEQALRYGYRISRR,1.0
DBAASP_18183,KKLIKKILKIL,1.0
DBAASP_3146,GLLKRIKNLL,1.0
DBAASP_16418,ICRKPIICRKPIICRKPIICRKPI,1.0
DBAASP_13043,VRFKLLSHSLLVTLASHL,1.0
DBAASP_10591,TRRKFWKKVLNGALKIAPFLLG,1.0
DBAASP_12576,RFRPPIRRPPIRPPFYPPF,1.0
DBAASP_6926,GLNALKKVFQGIHEAIKLINKHVQ,1.0
DBAASP_14716,PMKKLKLALRLAAKIAPVW,1.0
DBAASP_17076,FKRHVQRIKDFLR,1.0
DBAASP_8653,RGRKVVRRKK,1.0
DBAASP_18174,FVQWFSKLLGRIL,1.0
DBAASP_1273,FLGGLIKIVPAMICAVTKKC,1.0
DBAASP_3147,GLLKRIKWLL,1.0
DBAASP_10853,YRLRVKWKW,1.0
DBAASP_10853,YRLRVKWKW,1.0
DBAASP_13799,KIVPAMICAVTKKC,1.0
DBAASP_10857,WRKFWKYLK,1.0
DBAASP_10857,WRKFWKYLK,1.0
DBAASP_5015,HKLGTLVNLAKKIL,1.0
DBAASP_15828,KKKKK,1.0
DBAASP_17679,KWWKKWKKWW,1.0
DBAASP_3107,FLGGLFKLVPSVICAVTKKC,1.0
DBAASP_8805,RWFKIQLQIRRWKNKK,1.0
DBAASP_3476,FLSTLWNAAKSIF,1.0
DBAASP_17080,FKRIQQRIKDFLR,1.0
DBAASP_11368,FKRFIGSVKHGIGHLVHHIGVAL,1.0
DBAASP_6934,GLNALKKFFQGIHEAIKLINNHVQ,1.0
DBAASP_1787,GIGKFLHSAKKFAKAFVAEIMNS,1.0
DBAASP_4133,FLHHIVGLIHHGLSLFGDRAD,1.0
DBAASP_17224,GFCWHVCARRNGVRVCYRRCN,1.0
DBAASP_8019,AAYLLAKINLKALAALAKKIL,1.0
DBAASP_17434,GKKGGKGGKGKGK,1.0
DBAASP_18828,RWLRLNGRWLRL,1.0
DBAASP_9986,FFHHIFRGIVHVGKKIHRLVTG,1.0
DBAASP_11230,KIGKALGKALKALGKALGKA,1.0
DBAASP_13998,LRRLRRRWRRRLRRL,1.0
DBAASP_16784,KKWRKWLKWLAKK,1.0
DBAASP_7816,RFRRLRPKTRPRLKKI,1.0
DBAASP_12612,KKWRKWLKWLAKK,1.0
DBAASP_17068,FKRIAQRIKDFLR,1.0
DBAASP_4394,GLLDTLKGAAKNVVGSLASKVMEKL,1.0
DBAASP_15833,RRRRR,1.0
DBAASP_2162,ILGKIWKGIKSLF,1.0
DBAASP_2162,ILGKIWKGIKSLF,1.0
DBAASP_2162,ILGKIWKGIKSLF,1.0
DBAASP_11737,KWCFRVCARGICYRRCR,1.0
DBAASP_17694,WRWWRWWRWWRW,1.0
DBAASP_17290,RRGWARRLFFAYGRR,1.0
DBAASP_18184,RRLIRRILRIL,1.0
DBAASP_9371,LKKLLKLLKKLLKLAG,1.0
DBAASP_14625,FFGALFKLATKIIPSLFR,1.0
DBAASP_8594,GLFDVIKKLLKKIKGL,1.0
DBAASP_10675,KKKR,1.0
DBAASP_9626,WRWKWRWK,1.0
DBAASP_672,RGGRLCYCRRRFCVCVGR,1.0
DBAASP_18176,FLQLWSKGVLRIL,1.0
DBAASP_11755,KWCFRVCYRGGCYRRCR,1.0
DBAASP_13529,RLCRIVVIRVCR,1.0
DBAASP_11701,KWAFRVCYRGICYRRSR,1.0
DBAASP_17461,SHHRPRLFHRRRH,1.0
DBAASP_14005,LRRLRRRWWRRRLRRL,1.0
DBAASP_17052,LKKLLKALKKLLKLAG,1.0
DBAASP_18812,RWIKIPGRWIKI,1.0
DBAASP_10169,KFWSLLKKALRLWANVL,1.0
DBAASP_10137,GWLDVAKKIGKAAFNVAKNFL,1.0
DBAASP_16778,LNLKALLAVAKKI,1.0
DBAASP_9493,IRIKIRIK,1.0
DBAASP_17469,NHHRRHHRCR,1.0
DBAASP_16797,GLFKLLKKLLKLLK,1.0
DBAASP_15824,KKKKK,1.0
DBAASP_3145,GLLKRIKFLL,1.0
DBAASP_13798,KIVPAMICAVTKKC,1.0
DBAASP_6928,GLKALKKVFQGIHKAIKLINNHVQ,1.0
DBAASP_4209,FFPIIAGMAAKLIPSLFCKITKKC,1.0
DBAASP_5016,HFKGTLVNLAKKIL,1.0
DBAASP_12505,KIGVLKKYFKIGALIKAIIK,1.0
DBAASP_8652,RGRKVVRRKK,1.0
DBAASP_12418,FFKLIPKLVKKLIKAFK,1.0
DBAASP_5247,RRIRPRPPRLPRPRPRPL,1.0
DBAASP_18817,RWLRLPGRWLRL,1.0
DBAASP_17050,LKKALKLLKKLLKLAG,1.0
DBAASP_17877,KLFKKLFKKLFK,1.0
DBAASP_15836,VVVKKKKK,1.0
DBAASP_8655,RGRKVVRRKK,1.0
DBAASP_14264,VRRFPYWYPFLRR,1.0
DBAASP_16479,GIKKWLHSAKKFPKKFVKKIMNS,1.0
DBAASP_11702,KWCARVCYRGICYRRCR,1.0
DBAASP_4563,WKSYVRRWRSRY,1.0
DBAASP_18170,FVQWFSKALGRIL,1.0
DBAASP_13691,WKLKWKLKWKLK,1.0
DBAASP_12117,IHKFWRPGRWFKHI,1.0
DBAASP_12697,GIGAVLKWLPALIKRKRQQ,1.0
DBAASP_9004,FFHHIFRGAVHVGKTIHRLVTG,1.0
DBAASP_9004,FFHHIFRGAVHVGKTIHRLVTG,1.0
DBAASP_18832,RWLHLNGRWLHL,1.0
DBAASP_14266,VRRFPWAWPFLRR,1.0
DBAASP_10054,GLFDIWKKLRWRR,1.0
DBAASP_12417,FFSLIPSLVKKLIKAFK,1.0
DBAASP_10681,CRKKKC,1.0
DBAASP_2514,GFMKYIKPLIPHAVKAIKKLI,1.0
DBAASP_17287,RRGWAFRRALAYGRR,1.0
DBAASP_9776,IKWKRWWWR,1.0
DBAASP_12663,RRIWRR,1.0
DBAASP_12663,RRIWRR,1.0
DBAASP_1076,IRRIIRKIIHIIKK,1.0
DBAASP_11252,GSLHGFMYKYLKNMVLNLF,1.0
DBAASP_18743,GRLIDKIARKLVKKIQRFARKFF,1.0
DBAASP_10361,KKKK,1.0
DBAASP_4699,FKCRRWQWRMKKLGA,1.0
DBAASP_11542,GSGSGSGSLKKIFKKPMVIGVTIPF,1.0
DBAASP_1739,RRWKIVVIRWRR,1.0
DBAASP_8680,RGRKGGRRKK,1.0
DBAASP_11750,KWCFRRCYAGICYRRCR,1.0
DBAASP_11760,AWCFRVCYRGACYRRCR,1.0
DBAASP_17305,RRGWARRLAFGRR,1.0
DBAASP_14630,RKWRIVVIRVRR,1.0
DBAASP_17082,FKRIVQRIKDGLR,1.0
DBAASP_12844,FKKLKKLFSKLKNWW,1.0
DBAASP_12660,RSWR,1.0
DBAASP_5471,IKSIASKVANTVQKLKRKAKNAVA,1.0
DBAASP_14631,RWRRIVVIRVRR,1.0
DBAASP_17119,KRLFKKLLKYLRKF,1.0
DBAASP_1026,FVQWFSKFLGRIL,1.0
DBAASP_10487,FFGWLIKGAIHAGKAIHPLIHRRRH,1.0
DBAASP_8647,RGRKVVRRKK,1.0
DBAASP_16984,RKRWWRWWKWWKR,1.0
DBAASP_4211,FFPIIAGMAAKVICAITKKC,1.0
DBAASP_9549,KKRLKKIFKKPMVIGVTIPF,1.0
DBAASP_16804,GLFDIVKKVVGALK,1.0
DBAASP_17069,FKRIVQRAKDFLR,1.0
DBAASP_11229,KIAKGALKALKIAKGALKAL,1.0
DBAASP_17682,WRIWRIWRIWRI,1.0
DBAASP_11885,WLNALKKVFQGIHEAIKLIWNHVQ,1.0
DBAASP_8075,IRIRCRRRFCRIRI,1.0
DBAASP_18652,VVRWWWRVV,1.0
DBAASP_15827,KKKKK,1.0
DBAASP_14000,FRRFRRRWRRRFRRF,1.0
DBAASP_8654,RGRKVVRRKK,1.0
DBAASP_10652,KKLIKVFAKGFKKAKKLFKGIG,1.0
DBAASP_10485,FFGWLIKPAIHAGKAIHGLIHRRRH,1.0
DBAASP_3442,GFGMALKLLKKVL,1.0
DBAASP_14628,RRFRIVVIRWLR,1.0
DBAASP_4328,VKRFKKFFRKLKKSV,1.0
DBAASP_11892,LNALKKVFQKIHEAIKLI,1.0
DBAASP_11254,GLLFKELQKLIRYQIFIGK,1.0
DBAASP_16448,VKRWKKWKRKWKKWV,1.0
DBAASP_14664,GGRRWQWRMKKLGAPSITLPET,1.0
DBAASP_17427,GRRGSGLGRSSSRGQRGSGSGR,1.0
DBAASP_17304,RRGWARRLAFAFAFGRR,1.0
DBAASP_16802,GLFDIVKKVVKLLK,1.0
DBAASP_14633,RKRRIVVIRRKR,1.0
DBAASP_17066,AKRIVQRIKDFLR,1.0
DBAASP_2156,AIGSILGALAKGLPTLISWIKNR,1.0
DBAASP_14629,RRWRIVVIRWRR,1.0
DBAASP_14988,WKIVFWWRR,1.0
DBAASP_9374,LKKLLKLLKKLLKLAG,1.0
DBAASP_12119,IHKFWRRWFKHI,1.0
DBAASP_16760,ANLKALLAVAKKIL,1.0
DBAASP_17439,GRRGGR,1.0
DBAASP_9723,FPVTWRWWTWWKG,1.0
DBAASP_8651,RGRKVVRRKK,1.0
DBAASP_16351,LIGLVSKGTCVLVKTVCKKVLKQ,1.0
DBAASP_16762,LNAKALLAVAKKIL,1.0
DBAASP_7670,GWLDVAKKIGKAAFNVAKNFI,1.0
DBAASP_5512,GIGKFLHKVKSFGKSWIGEIMNS,1.0
DBAASP_14326,KIKRWWR,1.0
DBAASP_16770,LNLKALLAVAKKIA,1.0
DBAASP_12609,KKWRWWLKALAKK,1.0
DBAASP_17678,RWWRRWRRWW,1.0
DBAASP_11743,KWCFRVCYRGICYARCR,1.0
DBAASP_11890,ALNALKKVSQGIHEAIKLIANHVQ,1.0
DBAASP_13506,RRWCVYAYVRVRGVRVYAYVCW,1.0
DBAASP_17250,FLKFLKKLL,1.0
DBAASP_17073,FKRSVQRIKDFLR,1.0
DBAASP_486,KKKKKKAAFAAFAAFAA,1.0
DBAASP_8517,RRIRPRPPRLPRPRPRPLPYPRP,1.0
DBAASP_4706,APKKQLKW,1.0
DBAASP_10632,WWRLRRIW,1.0
DBAASP_10701,RIRWILRYWRWS,1.0
DBAASP_9991,NLVSDIIGSKKHMEKLISIIKKCR,1.0
DBAASP_17665,GIRWKFWKFT,1.0
DBAASP_13507,WCRRYRVLVRGVLVRYRRCW,1.0
DBAASP_11700,KACFRVCYRGICYRRCR,1.0
DBAASP_13006,GKKLGLWLGLKKG,1.0
DBAASP_11742,KWCFRVCYRGICARRCR,1.0
DBAASP_10605,GCRRLCWRQRCVTWCRGR,1.0
DBAASP_13125,KWKKWWKWI,1.0
DBAASP_17457,SHHRHFRSHQCRR,1.0
DBAASP_4698,FKCRRWQWRMKKLGAPSITCVRRAF,1.0
DBAASP_11253,LHRLVKLVAALLRGYASKVDTH,1.0
DBAASP_11066,WRKLWRGGLKRWLK,1.0
DBAASP_12665,RRIW,1.0
DBAASP_17870,FRRWWWRRF,1.0
DBAASP_5477,GILNTIKSIASKLKRKAK,1.0
DBAASP_9589,KWRRWIRWL,1.0
DBAASP_2229,KWCFRVCYRGICYRRCR,1.0
DBAASP_17429,HGSRSGQSSRGERHGSSSGSSSH,1.0
DBAASP_11766,RPDKPRPYLPRPRPPRPVR,1.0
DBAASP_11767,RPDKPRPYLPRPRPPRPVR,1.0
DBAASP_18288,IIRRIIRRIIRRIIRR,1.0
DBAASP_17860,GWRWWWRWG,1.0
DBAASP_4498,KKFFLKVLTKIRCKVAGGCRT,1.0
DBAASP_18826,RWFKFNGRWFKF,1.0
DBAASP_11236,GIKDLLKGAAKALVKTVLK,1.0
DBAASP_10488,FFGWLIKGAIHAPKAIHPLIHRRRH,1.0
DBAASP_7674,GWLDVAKKKGKAAFNVAKNFI,1.0
DBAASP_17453,RGSRSGQSSRGERR,1.0
DBAASP_18789,GWWRRTVKKVRNAVRKV,1.0
DBAASP_3143,GLLKRIKLLL,1.0
DBAASP_6924,GLNALKKVFKGIHEAIKLINNHVQ,1.0
DBAASP_18647,RIIRWWWRIIR,1.0
DBAASP_16486,GIKKWPHKPKKFGKKFVKKIMNS,1.0
DBAASP_9384,LKKLLKLCKKLCKLAG,1.0
DBAASP_5476,GILKTIKSIASKLKRKAK,1.0
DBAASP_11305,VKKFPWWWAFLKK,1.0
DBAASP_16796,GLLKLLKKLLKLLK,1.0
DBAASP_17301,RRGWARRLAFAFGRR,1.0
DBAASP_16588,DILIIVGGRRRRRR,1.0
DBAASP_3537,FLPILASLAAKLGPKLFCLVTKKC,1.0
DBAASP_5017,HFLKTLVNLAKKIL,1.0
DBAASP_16478,GIKKWLHSAKKPGKKFVKKIMNS,1.0
DBAASP_8437,LPFFLLSLIPSAISAIKKI,1.0
DBAASP_17663,GWLKRWKTLW,1.0
DBAASP_10633,WWWRRRIW,1.0
DBAASP_13629,KWYKKWYK,1.0
DBAASP_8807,RWFRIQLQIRRWRNRR,1.0
DBAASP_16904,RWWWLL,1.0
DBAASP_14203,FLGALLKIGAKVLPSVLCGIFKKC,1.0
DBAASP_8439,FWGFLGKLAMKAVPSLIGGNKSSSK,1.0
DBAASP_11759,AWCFRVCARGICYRRCR,1.0
DBAASP_16421,IICRKPIICRKPIICRKPII,1.0
DBAASP_9771,RWKKWWRWL,1.0
DBAASP_16812,KLLKLLKKLLGALG,1.0
DBAASP_8675,RGRKGGRRKK,1.0
DBAASP_11261,FFGHIWHGARTLFRDVFA,1.0
DBAASP_13124,RWRRWWRWI,1.0
DBAASP_17059,LKKLLKLPKKLLKLAG,1.0
DBAASP_13517,RWCVYAYVRVRGVLVRYRRCW,1.0
DBAASP_16176,FVKSFWKKLGRIL,1.0
DBAASP_16414,VCRKPVVCRKPVVCRKPVVCRKPV,1.0
DBAASP_17863,FWRWWWRWF,1.0
DBAASP_12591,FKKLKKLFSKLWNWK,1.0
DBAASP_12591,FKKLKKLFSKLWNWK,1.0
DBAASP_11114,PRPWPRP,1.0
DBAASP_12574,RFRPPIRRPPIRPPFYPPFRPPI,1.0
DBAASP_14949,KWKLFKKIWWPFLRR,1.0
DBAASP_11264,ANRLLEAYKMLLKFLGNLR,1.0
DBAASP_12661,RVWR,1.0
DBAASP_12661,RVWR,1.0
DBAASP_14830,SNVYRPPPYRPVYRPLRRPGYRP,1.0
DBAASP_17007,KLLKLLKPLLKLLK,1.0
DBAASP_8770,LLRRVAGLLKQFAK,1.0
DBAASP_13634,RWYRRWYRRWYR,1.0
DBAASP_10707,FLGGLIKKWPWWPWRR,1.0
DBAASP_2512,GFMKYIGPLIPHAVKAISKLI,1.0
DBAASP_17120,KRLFKRLFKYLRRF,1.0
DBAASP_17051,LKKLAKLLKKLLKLAG,1.0
DBAASP_14948,KWKLFKKIRFGRFLRKIRRFRPK,1.0
DBAASP_3481,ILSAIWSGIKSLF,1.0
DBAASP_5711,KLGFENFLVKALKTVMHVPTSPLL,1.0
DBAASP_9382,CKKLLKLCKKLLKLAG,1.0
DBAASP_8769,LLSNVAGLLKQFAK,1.0
DBAASP_18818,RWFRFPGRWFRF,1.0
DBAASP_18820,RWIHIPGRWIHI,1.0
DBAASP_17425,GRHGSGLGHSSSHGQHGSGSGR,1.0
DBAASP_7430,GLLKKIKWLL,1.0
DBAASP_11749,KWAFRVAYRGIAYRRAR,1.0
DBAASP_17063,LKKLLKLEKKLLKLAG,1.0
DBAASP_16994,LKKLLPLLKKLLKL,1.0
DBAASP_6007,GIGSILGVIAKGLPTLISWIKNR,1.0
DBAASP_17677,GFFRRIRTFF,1.0
DBAASP_17064,LKKLLKLKKKLLKLAG,1.0
DBAASP_8646,KLRKLFRKLLKLIRKLLR,1.0
DBAASP_3138,GLLKFIKTLL,1.0
DBAASP_13929,KKLRLKIAFK,1.0
DBAASP_10249,FFPGIIKVASAILPTAICAITKRC,1.0
DBAASP_16092,GLLKRIKTLL,1.0
DBAASP_8775,VKRWKKWRWKWKKWV,1.0
DBAASP_17085,FKRIVQRIKDQLR,1.0
DBAASP_17659,GWWKRWKTWW,1.0
DBAASP_10694,LLPWKWPWWKWRR,1.0
DBAASP_10047,RFRRLFRIRVRVLKKI,1.0
DBAASP_8774,VKRWKKFWRKWKKWW,1.0
DBAASP_10247,FLQHIIGALSHFF,1.0
DBAASP_13127,KWKKWWKWF,1.0
DBAASP_14035,AAKAWLKLWAKAA,1.0
DBAASP_16986,RWWKWW,1.0
DBAASP_13015,RRLGLWLGLRR,1.0
DBAASP_15825,KKKKK,1.0
DBAASP_17083,FKRIVQRIKDSLR,1.0
DBAASP_11754,KWCFRVCGRGICYRRCR,1.0
DBAASP_13190,KFKKLFKKLSPVFKRIVQRIKDFLR,1.0
DBAASP_16587,DILIIVGGKDRKKRRR,1.0
DBAASP_8515,IRPRPPRLPRPRPRPLPYPRP,1.0
DBAASP_9379,CKKLLKLCKKLLKLAG,1.0
DBAASP_16352,LIGLVSKGTSVLVKTVSKKVLKQ,1.0
DBAASP_18819,RWVHVPGRWVHV,1.0
DBAASP_12579,RPPIRRPPIRPPFYPPFRPPIRP,1.0
DBAASP_16476,GIKKWLHKGKKFGKKFVKKIMNS,1.0
DBAASP_7815,RFRRLRIKTRIRLKKI,1.0
DBAASP_1585,ILGTILGLLKSL,1.0
DBAASP_17664,GWWKRIKTWW,1.0
DBAASP_17003,KLLKLLKKLLKLLK,1.0
DBAASP_9375,LKKLLKLLKKLLKLAG,1.0
DBAASP_16982,FPVTWRWWKWWKG,1.0
DBAASP_18163,FWSTLLSIGKSLL,1.0
DBAASP_8511,RRIRPRPPRLPRPC,1.0
DBAASP_11886,WLNALKKVFQGIHEAIKLIWNWVQ,1.0
DBAASP_16768,LNLKALLAVAKAIL,1.0
DBAASP_11303,VKKFAWWWAFLKK,1.0
DBAASP_8771,LLRRVARLLKRFAK,1.0
DBAASP_17027,ILGTILGLLKNL,1.0
DBAASP_8801,RIWFQNRRMRWRR,1.0
DBAASP_17067,FKRAVQRIKDFLR,1.0
DBAASP_17084,FKRIVQRIKDNLR,1.0
DBAASP_18157,INLRAIAALAKKLL,1.0
DBAASP_11745,KWSFRVCYRGICYRRAR,1.0
DBAASP_17458,SHHRHFRSHQCRRQRSNSCDR,1.0
DBAASP_13126,KKKKWWWWI,1.0
DBAASP_11734,KWCFAVCYRGICYRRCR,1.0
DBAASP_10679,CKKRKC,1.0
DBAASP_10171,KFWKLLKKALRLWAKVL,1.0
DBAASP_11887,WLNALKKVWQGIHEAIKLIWNWVQ,1.0
DBAASP_18814,RWFKFPGRWFKF,1.0
DBAASP_17055,LKKLLKLLKKLAKLAG,1.0
DBAASP_16899,CASYFCRWWWRR,1.0
DBAASP_12610,KKWRKWLKALAKK,1.0
DBAASP_4564,WKSYVRRWRSR,1.0
DBAASP_11739,KWCFRVCYRAICYRRCR,1.0
DBAASP_16447,VKRWKKWFRKWKKWV,1.0
DBAASP_17681,WRIWRIWRI,1.0
DBAASP_11933,GLNALKKVFQGIHEAIKKINNHVQ,1.0
DBAASP_3389,GIHDILKYGKPS,1.0
DBAASP_4214,FLPIIAGIAAKFLPKIFCTISKKC,1.0
DBAASP_17467,SHHRCRRSHRC,1.0
DBAASP_17220,GFCWYACAKRNGLRVCYRRCN,1.0
DBAASP_15149,WKWKWENGKWKWQW,1.0
DBAASP_347,CVKVKVKVGSGVKVKVKVC,1.0
DBAASP_8674,RGRKGGRRKK,1.0
DBAASP_14034,LWKAAAKAAAKLW,1.0
DBAASP_1464,VIGSILGALASGLPTLISWIKNR,1.0
DBAASP_12947,WWKAAAKAAAKWW,1.0
DBAASP_2510,GFMKYIKPLIPHAVKAIKKLI,1.0
DBAASP_5018,HFLGKLVNLAKKIL,1.0
DBAASP_11257,GAKLAKKQVRALGKFFSF,1.0
DBAASP_15835,FFFKKK,1.0
DBAASP_18815,RWVRVPGRWVRV,1.0
DBAASP_2854,ILRWPWWPWRRK,1.0
DBAASP_14212,ILGKIWEGKKSLF,1.0
DBAASP_17683,WRIWRIWRIWRIWRI,1.0
DBAASP_8677,RGRKGGRRKK,1.0
DBAASP_16888,KRKK,1.0
DBAASP_18816,RWIRIPGRWIRI,1.0
DBAASP_11238,GKLGPLLKIAAKVGSKLL,1.0
DBAASP_17225,GFCWRACVYRNGVRACYRRCN,1.0
DBAASP_17285,RRGWARRLAAAYGRR,1.0
DBAASP_11882,GLNALKKVFQKIHEAIKLINNHVQ,1.0
DBAASP_15872,RYRRKKKMKKALQYIKLLKE,1.0
DBAASP_12531,RFRPPIRRPPIRPPFYPPFRPPIRP,1.0
DBAASP_353,CWKWKWKWGSGWKWKWKWC,1.0
DBAASP_16356,RRWWRW,1.0
DBAASP_17053,LKKLLKLAKKLLKLAG,1.0
DBAASP_17249,FLKMLKKLL,1.0
DBAASP_4704,APRRQLKW,1.0
DBAASP_16197,GLFWIIKKTIGKLR,1.0
DBAASP_14006,LRRLRRRWWWRRRLRRL,1.0
DBAASP_17686,WRLWRLWRLWRL,1.0
DBAASP_9729,FSIARLLKWWKG,1.0
DBAASP_13874,GLLKRIKT,1.0
DBAASP_4213,FLPAIVGAAAKFLPKIFCAISKKC,1.0
DBAASP_11699,AWCFRVCYRGICYRRCR,1.0
DBAASP_17006,KLLKLLPKLLKLLK,1.0
DBAASP_13013,KKLLKGLLKGW,1.0
DBAASP_17058,LKKLLKLSKKLLKLAG,1.0
DBAASP_17452,GRRGSGLGRSSSRGQRGSGSGR,1.0
DBAASP_15873,RKKKMKKALQYIKLLKE,1.0
DBAASP_1560,RIWVIWRR,1.0
DBAASP_5470,IKSIASKVANTVQKLKRKAKNAV,1.0
DBAASP_13879,WLSKTAKKLWLSKTAKKL,1.0
DBAASP_3393,FKRIVQRIKDFLR,1.0
DBAASP_14700,KILKRLAAKIKKIL,1.0
DBAASP_17599,RQIRRWWQR,1.0
DBAASP_13044,RRFKLLSHSLLVTLASHL,1.0
DBAASP_17078,FKRISQRIKDFLR,1.0
DBAASP_15874,KKKMKKALQYIKLLKE,1.0
DBAASP_16584,DILIIVGGRRRRRRRR,1.0
DBAASP_17070,FKRIVQRIKDALR,1.0
DBAASP_8592,GLFDVIKKVLKKIGGL,1.0
DBAASP_18813,RWLKLPGRWLKL,1.0
DBAASP_16813,KLLKLLKKLLKALG,1.0
DBAASP_11263,GFKLGRKLVKVFKWII,1.0
DBAASP_5142,VRRFAWWWPFLRR,1.0
DBAASP_16776,LNLKKLLAVAKKIL,1.0
DBAASP_14213,ILGKIWKGKKSLF,1.0
DBAASP_11891,LNALKKVFQGIHEAIKLI,1.0
DBAASP_16889,CKRKKC,1.0
DBAASP_16763,LNLAALLAVAKKIL,1.0
DBAASP_2304,GFRDVLKGAAKAFVKTVAGHIAN,1.0
DBAASP_2304,GFRDVLKGAAKAFVKTVAGHIAN,1.0
DBAASP_7146,RFRRLRKWTRWRLKKI,1.0
DBAASP_1468,FLSLALAALPKFLCLVFKKC,1.0
DBAASP_1468,FLSLALAALPKFLCLVFKKC,1.0
DBAASP_3766,GMASKAGSIVGKIAKIALGAL,1.0
DBAASP_10606,GCRALCYKQRCVTYCRGA,1.0
DBAASP_17695,WRWWRWWRWWRWWRW,1.0
DBAASP_11748,KWCFRVAYRGIAYRRCR,1.0
DBAASP_1204,RRWRIVVIRVRR,1.0
DBAASP_7811,RFRRLRCKTRCRLKKI,1.0
DBAASP_3141,GLLKKIKTLL,1.0
DBAASP_16424,IIICRKPIICRKPIII,1.0
DBAASP_9585,IRIRIRIR,1.0
DBAASP_10715,RRRRRFRRVIRRIRLPKYLTINTE,1.0
DBAASP_17049,AKKLLKLLKKLLKLAG,1.0
DBAASP_16987,RWWKWWK,1.0
DBAASP_14078,ILPWKWKWTPWRR,1.0
DBAASP_16996,LKKLLKLLKPLLKL,1.0
DBAASP_8593,GLFDVIKKLLKKIGGL,1.0
DBAASP_11237,GKLGPLLKIAAKVGSNLL,1.0
DBAASP_16771,GNLKALLAVAKKIL,1.0
DBAASP_9676,KRIGLIRLIGKILRGLRRLG,1.0
DBAASP_16474,KWCFRVCYRGICYRRCR,1.0
DBAASP_17689,WRFWRFWRF,1.0
DBAASP_3131,GLLKR,1.0
DBAASP_17424,GRHGSGLGHSSSHGQHGSGSGR,1.0
DBAASP_16773,KNLKALLAVAKKIL,1.0
DBAASP_16485,GIKKWLHKPKKFPKKFVKKIMNS,1.0
DBAASP_17451,HAHSGHGQSTQRGSRTAGR,1.0
DBAASP_17183,YLRLIRYMAKMI,1.0
DBAASP_13875,GLLKRIK,1.0
DBAASP_9112,FLKGIKGMLGKLL,1.0
DBAASP_17072,FKRGVQRIKDFLR,1.0
DBAASP_10601,GCRRLCYKQRCVTYCRGR,1.0
DBAASP_17057,LKKLLKLGKKLLKLAG,1.0
DBAASP_16413,VCRKPVVCRKPVVCRKPV,1.0
DBAASP_17283,RRGWALRPVLAFGRR,1.0
DBAASP_13631,KWYKKWYKKWYK,1.0
DBAASP_11889,GLNALKKVSQGIHESIKLINNHVQ,1.0
DBAASP_17242,FLKCLKKLL,1.0
DBAASP_18173,FVQWLSKFLGRIL,1.0
DBAASP_14040,CRKPTFRRLKWKIKFKFKC,1.0
DBAASP_9469,FLPAALAGIGGILGKLF,1.0
DBAASP_9376,LKKLLKLLKKLLKLAG,1.0
DBAASP_16091,GLLKRIKTLL,1.0
DBAASP_5480,KGIVGMLGKLF,1.0
DBAASP_9494,INLKILARLAKKIL,1.0
DBAASP_17674,KWWKRWKKWW,1.0
DBAASP_5137,VRRFAWWWAFLRR,1.0
DBAASP_10076,KSRQWQWKIRRTWPIFSIRR,1.0
DBAASP_14781,KRLFRKILKYL,1.0
DBAASP_8679,RGRKGGRRKK,1.0
DBAASP_18328,GIKRGIIKIIKRIRRI,1.0
DBAASP_13800,KIVPAMICAVTKKC,1.0
DBAASP_18646,IIRWWWRII,1.0
DBAASP_17303,RRGWARRLLRAFAFGRR,1.0
DBAASP_13802,KIVPAMICAVTKKC,1.0
