id,prediction,score,sequence,prediction_num
DBAASP_3954,AMP,1.0,FLGVVFKLASKVFPAVFKKV,1
DBAASP_3967,AMP,1.0,FLGVVFKSASKVFPAVFGKV,1
DBAASP_13552,AMP,0.9987,RRIKPRPPRLPRPRPK,1
DBAASP_8510,AMP,0.9991,RRIRPRPPRLPRPC,1
DBAASP_2012,AMP,1.0,KWKSFLKTFKSAVKTVLHTALKAISS,1
DBAASP_9703,AMP,1.0,KWKSFLKTFKSAEKTVLHTALKAISS,1
DBAASP_14994,AMP,1.0,IAKIAGKIAKIAGKIAKIAGKIA,1
DBAASP_10129,AMP,0.9998,KIAGKIAKIAGKIA,1
DBAASP_16996,AMP,0.9999,LKKLLKLLKPLLKL,1
DBAASP_17001,AMP,0.9999,LKKLLKLPKKLLKL,1
DBAASP_707,AMP,1.0,GRFRRLRKKTRKRLKKIGKVLKWIPPIVGSIPLGCG,1
DBAASP_7766,AMP,0.9997,RFRRLRKKKRKRLKKI,1
DBAASP_10907,AMP,0.9999,FLYIVAKLLSGLL,1
DBAASP_19846,AMP,0.8899,FLPIEAKLLSGLL,1
DBAASP_18754,AMP,0.9999,GSKKPVPIIYCNRRTGKCQRF,1
DBAASP_19810,AMP,0.9943,GSKKPVPIIYTNRRTGKCQRM,1
DBAASP_11893,AMP,0.9981,LNALKKVFQGIHEAIKKI,1
DBAASP_6935,AMP,0.9806,GLNALKKVFQGFHEAIKLINNHVQ,1
DBAASP_4263,AMP,0.9996,GLFAVIKKVASVIG,1
DBAASP_4262,AMP,0.9996,GLFAVIKKVASVIGG,1
DBAASP_6082,AMP,0.9783,GIINTLQKYYARVRGGRYAVLSVLPKEEQIGKVSTRGRKKVRRKK,1
DBAASP_6922,AMP,0.9926,AVLSWLPKEEQIGKWSTRGRKWWRRKK,1
DBAASP_3107,AMP,1.0,FLGGLFKLVPSVICAVTKKC,1
DBAASP_10702,AMP,1.0,FLGGLIKPVPAMICAVRKKC,1
DBAASP_14261,AMP,0.9975,VRRFPWWYPFLRR,1
DBAASP_14268,AMP,0.9859,VRRFPAAWPFLRR,1
DBAASP_10713,AMP,0.9999,YSWPRMPRIPRLPRYPRYPRYPRWPRHPTIYA,1
DBAASP_18062,AMP,0.9985,RLPRYPRYPRWPRHPT,1
DBAASP_16796,AMP,1.0,GLLKLLKKLLKLLK,1
DBAASP_16814,AMP,1.0,KLLKLLKKLLKLLG,1
DBAASP_464,AMP,0.9968,KKAAALAAAAALAAWAALAAAKKKK,1
DBAASP_476,AMP,0.9734,KKAAASAAAAASAAWAASAAAKKKK,1
DBAASP_17519,AMP,1.0,LWKIGKKIWRVLWNWR,1
DBAASP_17511,AMP,0.9998,LWKIGKKIWRVG,1
DBAASP_1640,AMP,0.9966,INLKAIAALAKKLL,1
DBAASP_18158,AMP,0.9935,INLKAVAALAKKLL,1
DBAASP_10156,AMP,1.0,FKCWRWQWRWKKLGAPS,1
DBAASP_14653,AMP,0.9999,TKCFQWQWRMKKLGAPSITCVRRAF,1
DBAASP_5018,AMP,1.0,HFLGKLVNLAKKIL,1
DBAASP_5020,AMP,0.9994,HFLGTKVNLAKKIL,1
DBAASP_7652,AMP,0.9969,DAHRAGLQFPVGRVHRLLRK,1
DBAASP_7648,AMP,0.9992,KAGLAFPVGRVHRLLRK,1
DBAASP_21057,AMP,0.9997,FIKHIIGALGHLF,1
DBAASP_21054,AMP,0.9997,FIHHIIGALGHLF,1
DBAASP_12222,AMP,0.9941,GLLSGILGAGKKIVF,1
DBAASP_20442,AMP,1.0,GILSGLLGAGKKIVCGLSGMC,1
DBAASP_13542,AMP,0.9949,GNNKPVYIPQPRPPRPRL,1
DBAASP_6335,AMP,0.9883,GNNRPVYIPQPRPHPRL,1
DBAASP_8289,AMP,0.9995,GVFDIIKDAGKQLVAHATGKIAEKV,1
DBAASP_8288,AMP,0.9998,GVFDIIKDAGKQLVAHAMGKIAEKV,1
DBAASP_2975,AMP,0.9992,GLFDIVKKVVGALGSL,1
DBAASP_16806,AMP,0.9973,KLFDIVKKVVGALG,1
DBAASP_19284,AMP,1.0,GLLGKILGAGKKVLCGVSGLC,1
DBAASP_20441,AMP,0.9991,GLLSGILGAGKK,1
DBAASP_19462,AMP,0.9999,FIGRIARLLSKIF,1
DBAASP_20138,AMP,0.995,FIGAIARLLSK,1
DBAASP_17028,AMP,0.9993,ILGTILGLLKFL,1
DBAASP_7104,AMP,0.9939,ILGTILGPLKGL,1
DBAASP_2335,AMP,1.0,HFLGTLVNLAKKIL,1
DBAASP_5025,AMP,0.9999,HFLGTLVNLAKKKL,1
DBAASP_13635,AMP,1.0,KWLKKWLKKWLK,1
DBAASP_21161,AMP,0.5937,TGKASQFFGLM,1
DBAASP_19517,AMP,0.9997,ASVVNKLTKGVAKLLK,1
DBAASP_19518,AMP,0.9977,AKVVNKLTGGVAGLLK,1
DBAASP_6701,non-AMP,0.4631,FVDLKKIANIINSIF,0
DBAASP_19590,non-AMP,0.203,FVDLKKIANII,0
DBAASP_17328,AMP,1.0,GLAKVMRKVLGYLRNVYK,1
DBAASP_17330,AMP,0.7011,GLHKVMREVLGY,1
DBAASP_18526,AMP,1.0,GLMDTVKNAAKNLAGQLLDKIKCKITG,1
DBAASP_12186,AMP,1.0,GIMDTVKNAAKNLAGQLLDKLKCSITAC,1
DBAASP_15904,AMP,0.9989,KRFWPLVPVAINTVALYKAIRRK,1
DBAASP_15902,AMP,0.9996,KRFWPLVPVAINTVAAGIN,1
DBAASP_17415,AMP,0.9468,AIVQRIKKWLR,1
DBAASP_20947,AMP,1.0,KRIVQRIKDFLRKCCKKP,1
DBAASP_7665,AMP,0.9997,SKVLRHLRRFLHRAHRKL,1
DBAASP_7662,AMP,0.9988,SKVGRHGRRFGHRAHRKL,1
DBAASP_16038,AMP,0.9998,GGLRRLGRKILRAVKKYG,1
DBAASP_16039,AMP,0.9991,GGLRSLGLKILLAWKKYG,1
DBAASP_10398,AMP,0.999,ENFFKRIRRAGKRIRDAIISAAPAVETLAQAQKIIKGGD,1
DBAASP_1238,AMP,0.9115,ENFFKEIERAGQRIRDAIISAAPAVETLAQAQKIIKGGD,1
DBAASP_18493,AMP,1.0,LPRLNRWLKIWKKVVTVFS,1
DBAASP_18495,AMP,1.0,LPRRNRWSKTWKKVTTVFS,1
DBAASP_1160,AMP,0.996,GNNRPVYIPQPRPPHPRL,1
DBAASP_6336,AMP,0.821,GNNRVYIPQPRPHPRL,1
DBAASP_16442,AMP,0.8017,GVVDILKGAAKDLAGH,1
DBAASP_4357,AMP,0.9997,GVVDILKGAAKDLAGHLATKVMNKL,1
DBAASP_15145,AMP,1.0,LVTLVFVGGGWKWKWKNGKWKWKW,1
DBAASP_15150,AMP,0.9985,LVTLVFVGGGWKWKWENGKWKWQW,1
DBAASP_19126,AMP,1.0,GFFKKAKRKVKKAFRRVL,1
DBAASP_19127,AMP,0.9999,GFFKKAKRKVKKAG,1
DBAASP_20013,AMP,1.0,LGLFKKLLRLILKGFKL,1
DBAASP_20015,AMP,0.9999,LGLFKLLLRLILKGFKL,1
DBAASP_17516,AMP,1.0,LWKIWKKIWRVWKNWR,1
DBAASP_17522,AMP,1.0,LWKIWWKIWRVWWNWR,1
DBAASP_3178,AMP,0.9997,FLPLILRKIVTAL,1
DBAASP_14102,AMP,0.999,FLPLILFWIVTAL,1
DBAASP_1584,AMP,0.9635,IDWKKLLDAAKQIL,1
DBAASP_14648,AMP,0.9469,IDWKKLPDAAKQIL,1
DBAASP_7635,non-AMP,0.2751,PFKIDIHLGGY,0
DBAASP_7636,AMP,0.568,TPFKISIHLGGY,1
